record_id,pdf_page,paragraph,nl,formalizable,pattern,cnl,notes,status,reviewed_by,review_seconds,reviewer_type
atp2-01-3-2019-p15-1-1,15,1-1,"Intelligence preparation of the battlefield is the systematic process of analyzing the mission variables of enemy, terrain, weather, and civil considerations in an area of interest to determine their effect on operations.",false,,,Intelligence preparation of the battlefield is absent from the closed class vocabulary; the systematic-analysis definition is more specific than Process.,reviewed,Codex (AI; not SME),,ai
atp2-01-3-2019-p15-1-3,15,1-3,"The J-2/G-2/S-2 leads the staff effort and begins preparing for IPB during generate intelligence knowledge, which is associated with the intelligence support to force generation task of the intelligence warfighting function and incorporated into the Army design methodology.",false,,,"Role, preparatory action, timing, and association with other tasks require relations and event scope outside the fragment.",reviewed,Codex (AI; not SME),,ai
atp2-01-3-2019-p16-1-4,16,1-4,"During generate intelligence knowledge, intelligence staffs create data files for their OE based on existing information and their evaluation of the information and intelligence related to the operational variables (political, military, economic, social, information, infrastructure, physical environment, and time [PMESII-PT]).",false,,,Creation of data files from evaluated information and the enumerated variables is a multi-relation procedural claim.,reviewed,Codex (AI; not SME),,ai
atp2-01-3-2019-p16-1-5,16,1-5,"When generating intelligence knowledge, the intelligence staff should begin by determining the information needed to collect on the OE.",false,,,"Should begin expresses a recommendation, not an asserted occurrence.",reviewed,Codex (AI; not SME),,ai
atp2-01-3-2019-p16-1-6,16,1-6,"Given the limited time available to collect and evaluate information and intelligence on the operational variables, the information obtained from these data files may not be specific enough to support the IPB process and the MDMP.",false,,,"May not be specific enough is a qualified possibility and sufficiency judgment, not a supported atomic fact.",reviewed,Codex (AI; not SME),,ai
atp2-01-3-2019-p17-1-10,17,1-10,IPB is most effective and best aids the commander’s decision making when the intelligence staff integrates the expertise of the other staff sections and supporting elements into its analysis.,false,,,Most effective when and aids decision making require comparative effectiveness and a condition absent from the fragment.,reviewed,Codex (AI; not SME),,ai
atp2-01-3-2019-p17-1-11,17,1-11,"IPB assists commanders in reducing uncertainty by evaluating how the enemy, terrain and weather, and civil considerations may affect operations and decision making.",false,,,Reducing uncertainty through evaluating effects is a causal/process claim without a faithful supported relation.,reviewed,Codex (AI; not SME),,ai
atp2-01-3-2019-p17-1-14,17,1-14,"An operational environment is a composite of the conditions, circumstances, and influences that affect the employment of capabilities and bear on the decisions of the commander (JP 3-0).",false,,,The composite-of-conditions definition and effect on capabilities/decisions cannot be reduced to a faithful subclass edge.,reviewed,Codex (AI; not SME),,ai
atp2-01-3-2019-p17-1-16,17,1-16,"During step 1, the intelligence staff must identify those significant characteristics related to the mission variables of enemy, terrain and weather, and civil considerations that are relevant to the mission.",false,,,Must identify is an obligation scoped to step 1 and relevance to the mission.,reviewed,Codex (AI; not SME),,ai
atp2-01-3-2019-p17-1-17,17,1-17,"Understanding friendly and threat forces is not enough; other factors, such as culture, languages, tribal affiliations, and operational and mission variables, can be equally important.",false,,,"Not enough and equally important are comparative, scoped judgments absent from the fragment.",reviewed,Codex (AI; not SME),,ai
atp2-01-3-2019-p18-1-19,18,1-19,"During step 2 of the IPB process, the intelligence staff describes how significant characteristics affect friendly operations.",false,,,Step-specific description of how characteristics affect operations requires temporal and causal structure.,reviewed,Codex (AI; not SME),,ai
atp2-01-3-2019-p18-1-20,18,1-20,"If the intelligence staff does not have the information required to form conclusions, it uses assumptions to fill information gaps—always careful to ensure the commander understands when assumptions are used in place of facts to form conclusions.",false,,,Conditional assumptions and distinction between facts and assumptions require epistemic representation absent from the fragment.,reviewed,Codex (AI; not SME),,ai
atp2-01-3-2019-p18-1-21,18,1-21,The purpose of evaluating the threat is to understand how a threat can affect friendly operations.,false,,,Purpose and possible effect on operations cannot be represented by a supported closed relation without changing modality.,reviewed,Codex (AI; not SME),,ai
atp2-01-3-2019-p18-1-22,18,1-22,Threat evaluation does not begin with IPB.,false,,,Does not begin with is temporal negation; the required event relation is unavailable.,reviewed,Codex (AI; not SME),,ai
atp2-01-3-2019-p18-1-23,18,1-23,"In situations where there is no threat force, the intelligence analysis conducted and the products developed relating to terrain, weather, and civil considerations may be sufficient to support planning.",false,,,The no-threat condition and may-be-sufficient qualifier are not expressible in the fragment.,reviewed,Codex (AI; not SME),,ai
atp2-01-3-2019-p18-1-24,18,1-24,"During step 4, the intelligence staff identifies and develops possible threat COAs that can affect accomplishing the friendly mission.",false,,,Stage-specific identifying and developing possible courses of action combines actions and modality.,reviewed,Codex (AI; not SME),,ai
atp2-01-3-2019-p18-1-25,18,1-25,Failure to fully identify and develop all valid threat COAs may lead to the development of an information collection strategy that does not provide the information necessary to confirm what COA the threat has taken and may result in friendly forces being surprised and possibly defeated.,false,,,"Possible downstream consequences of failure are conditional and modal, not asserted events.",reviewed,Codex (AI; not SME),,ai
atp2-01-3-2019-p18-1-26,18,1-26,The staff develops threat COAs in the same manner friendly COAs are developed.,false,,,"Same manner is a comparison over procedures, which the fragment cannot encode.",reviewed,Codex (AI; not SME),,ai
atp2-01-3-2019-p19-1-29,19,1-29,"Commanders drive intelligence, intelligence facilitates operations, and operations enable intelligence; this relationship is continuous.",false,,,The three linked actions plus the continuous relationship cannot be preserved as an atomic class/relation assertion.,reviewed,Codex (AI; not SME),,ai
atp2-01-3-2019-p22-1-33,22,1-33,"External assets, such as the following, provide additional subject matter expertise for input to the IPB process: red teams, red cells, foreign-area officers, international affairs officers, cultural enablers, State Department officers, regional experts, psychological operations units, and other special operations units.",false,,,External asset categories provide expertise for IPB; the list and contribution roles are not faithfully represented by the available class-level relation.,reviewed,Codex (AI; not SME),,ai
atp2-01-3-2019-p22-1-35,22,1-35,"Targeting is the process of selecting and prioritizing targets and matching the appropriate response to them, considering operational requirements and capabilities (JP 3-0).",false,,,"Targeting is absent from the closed class vocabulary; selecting, prioritizing, and matching responses are defining conjuncts.",reviewed,Codex (AI; not SME),,ai
atp2-01-3-2019-p23-1-37,23,1-37,A high-payoff target is a target whose loss to the enemy will significantly contribute to the success of the friendly course of action (JP 3-60).,false,,,"High-payoff target is absent from the closed vocabulary, and the defining loss-to-success condition is counterfactual.",reviewed,Codex (AI; not SME),,ai
atp2-01-3-2019-p23-1-38,23,1-38,"The intelligence staff, aided by other staff sections, also identifies indicators associated with those targets that can assist in determining their locations and activities.",false,,,Identifying indicators to infer locations and activities is a purpose-scoped multi-actor process.,reviewed,Codex (AI; not SME),,ai
atp2-01-3-2019-p23-1-39,23,1-39,"During targeting meetings, the intelligence officer, along with other staff sections or supporting elements, assesses friendly capabilities, friendly missions, and the effects of friendly actions on the civilian populace.",false,,,Meeting-specific assessment of several capabilities and effects requires event and role structure.,reviewed,Codex (AI; not SME),,ai
atp2-01-3-2019-p23-1-40,23,1-40,"Risk management is the process to identify, assess, and control risks and make decisions that balance risk cost with mission benefits (JP 3-0).",false,,,Risk management is absent from the closed class vocabulary; its identification/control/decision sequence is essential.,reviewed,Codex (AI; not SME),,ai
atp2-01-3-2019-p24-1-42,24,1-42,The Army executes information collection through the operations and intelligence processes (with an emphasis on intelligence analysis and leveraging national to tactical intelligence).,false,,,"Executes information collection through processes expresses means and agency, not an entailed subclass or supported atomic relation.",reviewed,Codex (AI; not SME),,ai
atp2-01-3-2019-p24-1-43,24,1-43,"Ideally, information collection should enable staffs to develop a perception of the threat and the situation on the battlefield that matches the actual threat and situation on the battlefield.",false,,,"Ideally and should describe a desired outcome, not a factual assertion about all information collection.",reviewed,Codex (AI; not SME),,ai
atp2-01-3-2019-p24-1-44,24,1-44,There is a relationship between IPB and information collection—the IPB products that feed intelligence drive information collection requirements.,false,,,The relationship is described by products driving requirements; a bare relation would omit that mechanism and IPB is not a closed term.,reviewed,Codex (AI; not SME),,ai
atp2-01-3-2019-p24-1-45,24,1-45,The staff collaborates on information considerations and integrates available resources into an integrated information collection plan.,false,,,Collaboration and integration of resources into a plan are distinct actions with event participants.,reviewed,Codex (AI; not SME),,ai
atp2-01-3-2019-p25-1-48,25,1-48,Not all information required to conduct IPB will be readily available to intelligence staffs upon receipt of mission.,false,,,Not all required information will be readily available has restricted quantifier scope and future modality.,reviewed,Codex (AI; not SME),,ai
atp2-01-3-2019-p26-1-51,26,1-51,"Situation development is a process for analyzing information and producing current intelligence concerning the relevant aspects of the OE (the mission variables of enemy, terrain and weather, and civil considerations) within the AO before and during operations.",false,,,"Situation development is absent from the closed vocabulary; the process definition includes production, subject, area, and timing.",reviewed,Codex (AI; not SME),,ai
atp2-01-3-2019-p26-1-52,26,1-52,The locations and actions of noncombatant elements and nongovernmental and other civilian organizations in the AO that may impact operations should also be considered.,false,,,"Should consider and may impact are recommendation and possibility, not ordinary assertions.",reviewed,Codex (AI; not SME),,ai
atp2-01-3-2019-p26-1-53,26,1-53,"Situation development assists commanders in their decision making, including when to execute branches and sequels.",false,,,Assisting commanders with decisions about when to execute branches needs decision/event relations unavailable here.,reviewed,Codex (AI; not SME),,ai
atp2-01-3-2019-p26-1-55,26,1-55,"When commanders and staffs seek to understand friendly and threat capabilities, they consider how, when, and why those capabilities are employed in each domain, the information environment, and the EMS.",false,,,The when clause and how/when/why of employing capabilities exceed the fragment.,reviewed,Codex (AI; not SME),,ai
atp2-01-3-2019-p27-1-56,27,1-56,"During large-scale combat operations against a peer threat, ground-force commanders may be required to conduct tactical activities, such as a deliberate attack, to shape the OE and gain a position of relative advantage for activities, such as joint fires, within the other domains.",false,,,May be required and the purpose of shaping the environment are modal and event-scoped.,reviewed,Codex (AI; not SME),,ai
atp2-01-3-2019-p28-1-59,28,1-59,"Because a multitude of effects (including threat, terrain, and weather) can cross multiple domains, the interdependence of the domains, the information environment, and the EMS must be considered when performing IPB.",false,,,"Must consider cross-domain effects is an obligation with causal explanation, not an asserted atomic relation.",reviewed,Codex (AI; not SME),,ai
atp2-01-3-2019-p28-1-60,28,1-60,A thorough IPB effort and intelligence analysis assist each echelon in focusing operations on all significant aspects of the OE in time and space across multiple domains.,false,,,"Focusing operations across time, space, and domains is a multi-argument process claim.",reviewed,Codex (AI; not SME),,ai
atp2-01-3-2019-p29-1-61,29,1-61,"During IPB, each staff section and supporting element provide input.",false,,,Staff sections and supporting elements provide input during IPB; the actors and temporal context lack a faithful closed-vocabulary relation.,reviewed,Codex (AI; not SME),,ai
atp2-01-3-2019-p29-1-63,29,1-63,"Within the OE, physical areas include the assigned operational area and the associated AOI and area of influence necessary to conduct operations within the air, land, maritime, space, and cyberspace domains and the information environment.",false,,,The included area categories and their domain constraints require spatial and set semantics absent from the fragment.,reviewed,Codex (AI; not SME),,ai
atp2-01-3-2019-p29-1-64,29,1-64,A systems perspective focuses on a multitude of systems in the OE and their associated functions.,false,,,Systems perspective and its focus on systems/functions have no faithful closed-vocabulary relation.,reviewed,Codex (AI; not SME),,ai
