record_id,pdf_page,paragraph,nl,formalizable,pattern,cnl,notes,status,reviewed_by,review_seconds
fm2-0-2023-p18-1-3,18,1-3,The goal is to provide effective and flexible intelligence support across the competition continuum.,,,,Automatically extracted first sentence of a numbered paragraph. Verify text/page and annotate independently; surface tags are not gold labels.,draft,,
fm2-0-2023-p18-1-4,18,1-4,"In order to know and adapt intelligence fundamentals, intelligence professionals must read more than FM 2-0; they must be doctrinally proficient in a number of intelligence and combined arms publications, depending on their position, unit or organization, and the unit or organization’s mission or operation.",,,,Automatically extracted first sentence of a numbered paragraph. Verify text/page and annotate independently; surface tags are not gold labels.,draft,,
fm2-0-2023-p18-1-5,18,1-5,"Through the effective integration of intelligence into operations, intelligence and operational products are mutually supportive and enhance the commander and staff’s situational understanding—the product of applying analysis and judgment to relevant information to determine the relationships among the operational and mission variables (ADP 6-0).",,,,Automatically extracted first sentence of a numbered paragraph. Verify text/page and annotate independently; surface tags are not gold labels.,draft,,
fm2-0-2023-p19-1-6,19,1-6,"It is an art to describe intelligence production and dissemination and to ensure it is effectively integrated into unit planning, execution, and targeting, but it is not an exact science to execute intelligence as a function and create it as a product.",,,,Automatically extracted first sentence of a numbered paragraph. Verify text/page and annotate independently; surface tags are not gold labels.,draft,,
fm2-0-2023-p19-1-7,19,1-7,"Intelligence products are generally placed in one of eight production categories, based primarily on the purpose of the produced intelligence.",,,,Automatically extracted first sentence of a numbered paragraph. Verify text/page and annotate independently; surface tags are not gold labels.,draft,,
fm2-0-2023-p19-1-8,19,1-8,The effectiveness of intelligence is measured against different criteria.,,,,Automatically extracted first sentence of a numbered paragraph. Verify text/page and annotate independently; surface tags are not gold labels.,draft,,
fm2-0-2023-p21-1-11,21,1-11,"Multinational, interagency, intergovernmental (to the national level), and joint intelligence are crucial for Army intelligence activities.",,,,Automatically extracted first sentence of a numbered paragraph. Verify text/page and annotate independently; surface tags are not gold labels.,draft,,
fm2-0-2023-p21-1-12,21,1-12,"Higher-level intelligence is key to the depth and quality of the intelligence disseminated to Army commanders and staffs, and it provides some forms of intelligence the Army cannot produce that are important to Army multidomain operations.",,,,Automatically extracted first sentence of a numbered paragraph. Verify text/page and annotate independently; surface tags are not gold labels.,draft,,
fm2-0-2023-p21-1-13,21,1-13,"Not all echelons have the same degree of activity with other members of the intelligence enterprise, but Army intelligence professionals should understand what they receive or can access from the intelligence enterprise.",,,,Automatically extracted first sentence of a numbered paragraph. Verify text/page and annotate independently; surface tags are not gold labels.,draft,,
fm2-0-2023-p21-1-14,21,1-14,Analysts leverage higher-level intelligence organizations and databases to create a more comprehensive and detailed assessment of threats and other relevant aspects of the OE (such as deep analysis across each domain and the human and information dimensions) to facilitate situational understanding and visualization of the AO.,,,,Automatically extracted first sentence of a numbered paragraph. Verify text/page and annotate independently; surface tags are not gold labels.,draft,,
fm2-0-2023-p21-1-16,21,1-16,"United States (U.S.) Government members of the larger intelligence enterprise are referred to as the intelligence community (IC), which is under the purview of the Office of the Director of National Intelligence.",,,,Automatically extracted first sentence of a numbered paragraph. Verify text/page and annotate independently; surface tags are not gold labels.,draft,,
fm2-0-2023-p21-1-17,21,1-17,The U.S. IC is increasingly important as new technologies facilitate collaborative analysis and production.,,,,Automatically extracted first sentence of a numbered paragraph. Verify text/page and annotate independently; surface tags are not gold labels.,draft,,
fm2-0-2023-p22-1-18,22,1-18,"Army intelligence is unique from joint and other Service intelligence activities for several reasons, some of which include the nature of Army operations and missions (primarily within the land domain), the fog and friction associated with Army operations sometimes creating time and environmental challenges, and the unique branch and staff structure.",,,,Automatically extracted first sentence of a numbered paragraph. Verify text/page and annotate independently; surface tags are not gold labels.,draft,,
fm2-0-2023-p22-1-19,22,1-19,"Commanders and staffs require accurate, relevant, and predictive intelligence to understand threat characteristics, goals and objectives, and COAs across the domains and dimensions.",,,,Automatically extracted first sentence of a numbered paragraph. Verify text/page and annotate independently; surface tags are not gold labels.,draft,,
fm2-0-2023-p22-1-20,22,1-20,"Intelligence drives the conduct of operations and operations enable intelligence, making intelligence and operations inseparable.",,,,Automatically extracted first sentence of a numbered paragraph. Verify text/page and annotate independently; surface tags are not gold labels.,draft,,
fm2-0-2023-p23-1-21,23,1-21,Intelligence is one of the warfighting functions that enables the Army to generate combat power during the conduct of operations.,,,,Automatically extracted first sentence of a numbered paragraph. Verify text/page and annotate independently; surface tags are not gold labels.,draft,,
fm2-0-2023-p23-1-22,23,1-22,The intelligence warfighting function must be effective and flexible to legally meet the commander and staff’s requirements.,,,,Automatically extracted first sentence of a numbered paragraph. Verify text/page and annotate independently; surface tags are not gold labels.,draft,,
fm2-0-2023-p23-1-23,23,1-23,"The intelligence warfighting function supports operations through a broad range of supporting doctrinal tasks, referred to as IWFTs.",,,,Automatically extracted first sentence of a numbered paragraph. Verify text/page and annotate independently; surface tags are not gold labels.,draft,,
fm2-0-2023-p23-1-24,23,1-24,"IWFTs are interrelated, require the commander and staff’s participation, and are often conducted simultaneously.",,,,Automatically extracted first sentence of a numbered paragraph. Verify text/page and annotate independently; surface tags are not gold labels.,draft,,
fm2-0-2023-p24-1-25,24,1-25,"Army units and organizations use the intelligence process to integrate intelligence support and provide the commander and staff the intelligence needed to facilitate situational understanding, effectively make decisions, and exercise C2.",,,,Automatically extracted first sentence of a numbered paragraph. Verify text/page and annotate independently; surface tags are not gold labels.,draft,,
fm2-0-2023-p24-1-26,24,1-26,The joint intelligence process provides the basis for common terminology.,,,,Automatically extracted first sentence of a numbered paragraph. Verify text/page and annotate independently; surface tags are not gold labels.,draft,,
fm2-0-2023-p24-1-27,24,1-27,"The Army intelligence process steps are very similar to the joint process interrelated categories; however, due to the unique characteristics of Army operations, the Army intelligence process steps differ in some important but subtle ways.",,,,Automatically extracted first sentence of a numbered paragraph. Verify text/page and annotate independently; surface tags are not gold labels.,draft,,
fm2-0-2023-p24-1-28,24,1-28,"The Army views the intelligence process as a model and common framework to guide Army professionals in their thoughts, discussions, plans, and assessments about intelligence.",,,,Automatically extracted first sentence of a numbered paragraph. Verify text/page and annotate independently; surface tags are not gold labels.,draft,,
fm2-0-2023-p25-1-30,25,1-30,"The intelligence process supports the activities (plan, prepare, execute, and assess) of the operations process; it is performed continuously to support each activity.",,,,Automatically extracted first sentence of a numbered paragraph. Verify text/page and annotate independently; surface tags are not gold labels.,draft,,
fm2-0-2023-p25-1-31,25,1-31,"Figure 1-2 illustrates the Army intelligence process steps, continuing activities, and the interaction between them.",,,,Automatically extracted first sentence of a numbered paragraph. Verify text/page and annotate independently; surface tags are not gold labels.,draft,,
fm2-0-2023-p26-1-32,26,1-32,The intelligence process steps are the most basic actions from the initial planning of an operation to answering an intelligence requirement and ensuring the answer is integrated into the operation.,,,,Automatically extracted first sentence of a numbered paragraph. Verify text/page and annotate independently; surface tags are not gold labels.,draft,,
fm2-0-2023-p26-1-33,26,1-33,Pre-mission analysis of the OE occurs far in advance of detailed planning and orders production.,,,,Automatically extracted first sentence of a numbered paragraph. Verify text/page and annotate independently; surface tags are not gold labels.,draft,,
fm2-0-2023-p26-1-34,26,1-34,The plan and direct step also includes activities that identify key information requirements and develop the means to satisfy those requirements.,,,,Automatically extracted first sentence of a numbered paragraph. Verify text/page and annotate independently; surface tags are not gold labels.,draft,,
fm2-0-2023-p27-1-35,27,1-35,"The entire staff, led by the intelligence staff, synchronizes collection and processing to provide critical information and intelligence at key times throughout the phases of an operation.",,,,Automatically extracted first sentence of a numbered paragraph. Verify text/page and annotate independently; surface tags are not gold labels.,draft,,
fm2-0-2023-p27-1-36,27,1-36,"Information collection and processing activities transition when requirements change, the unit mission changes, the unit proceeds through the phase of an operation, or the unit prepares for future operations.",,,,Automatically extracted first sentence of a numbered paragraph. Verify text/page and annotate independently; surface tags are not gold labels.,draft,,
fm2-0-2023-p27-1-37,27,1-37,"Successfully collecting timely, relevant, and useful information against an adaptive threat, especially a peer threat, is difficult.",,,,Automatically extracted first sentence of a numbered paragraph. Verify text/page and annotate independently; surface tags are not gold labels.,draft,,
fm2-0-2023-p27-1-38,27,1-38,Production refers to the development of intelligence through the analysis of collected information and existing intelligence.,,,,Automatically extracted first sentence of a numbered paragraph. Verify text/page and annotate independently; surface tags are not gold labels.,draft,,
fm2-0-2023-p27-1-39,27,1-39,"Intelligence products must be timely, relevant, accurate, predictive, and tailored to facilitate situational understanding and support decision making and targeting.",,,,Automatically extracted first sentence of a numbered paragraph. Verify text/page and annotate independently; surface tags are not gold labels.,draft,,
fm2-0-2023-p27-1-40,27,1-40,Part of intelligence synchronization is prioritizing and synchronizing the unit’s PED and intelligence production efforts.,,,,Automatically extracted first sentence of a numbered paragraph. Verify text/page and annotate independently; surface tags are not gold labels.,draft,,
fm2-0-2023-p28-1-42,28,1-42,"The commander and staff must establish and support a seamless intelligence architecture, including an effective dissemination and integration plan.",,,,Automatically extracted first sentence of a numbered paragraph. Verify text/page and annotate independently; surface tags are not gold labels.,draft,,
fm2-0-2023-p28-1-43,28,1-43,The intelligence process continuing activities add details and areas of emphasis to the intelligence process steps.,,,,Automatically extracted first sentence of a numbered paragraph. Verify text/page and annotate independently; surface tags are not gold labels.,draft,,
fm2-0-2023-p28-1-45,28,1-45,"Intelligence synchronization occurs through a broader perspective than collection management and includes aspects of long-range intelligence planning, maintaining, and revising the intelligence architecture.",,,,Automatically extracted first sentence of a numbered paragraph. Verify text/page and annotate independently; surface tags are not gold labels.,draft,,
fm2-0-2023-p28-1-47,28,1-47,"Processing, exploitation, and dissemination is the execution of the related functions that converts and refines collected data into usable information, distributes the information for further analysis, and, when appropriate, provides combat information to commanders and staffs (ADP 2-0).",,,,Automatically extracted first sentence of a numbered paragraph. Verify text/page and annotate independently; surface tags are not gold labels.,draft,,
fm2-0-2023-p28-1-48,28,1-48,There are many forms of analysis within Army operations.,,,,Automatically extracted first sentence of a numbered paragraph. Verify text/page and annotate independently; surface tags are not gold labels.,draft,,
fm2-0-2023-p29-1-50,29,1-50,Intelligence personnel performing PED as well as analysis must understand and effectively deal with potential information overload.,,,,Automatically extracted first sentence of a numbered paragraph. Verify text/page and annotate independently; surface tags are not gold labels.,draft,,
fm2-0-2023-p29-1-51,29,1-51,Assess is part of the overall assessment continuing activity of the operations process.,,,,Automatically extracted first sentence of a numbered paragraph. Verify text/page and annotate independently; surface tags are not gold labels.,draft,,
fm2-0-2023-p29-1-52,29,1-52,"The intelligence staff continuously produces assessments based on operations, the threat situation, the information collection effort, and the status of other relevant aspects of the OE.",,,,Automatically extracted first sentence of a numbered paragraph. Verify text/page and annotate independently; surface tags are not gold labels.,draft,,
fm2-0-2023-p29-1-53,29,1-53,The intelligence staff continuously assesses the effectiveness of the information collection effort.,,,,Automatically extracted first sentence of a numbered paragraph. Verify text/page and annotate independently; surface tags are not gold labels.,draft,,
fm2-0-2023-p30-1-54,30,1-54,The intelligence warfighting function executes the intelligence process by employing intelligence capabilities.,,,,Automatically extracted first sentence of a numbered paragraph. Verify text/page and annotate independently; surface tags are not gold labels.,draft,,
fm2-0-2023-p30-1-55,30,1-55,The intelligence staff (chapter 5) and MI units/organizations (chapter 7) collaborate closely to ensure the commander and staff receive all-source and single-source intelligence—the building blocks by which the intelligence warfighting function facilitates situational understanding and supports decision making and targeting.,,,,Automatically extracted first sentence of a numbered paragraph. Verify text/page and annotate independently; surface tags are not gold labels.,draft,,
fm2-0-2023-p30-1-56,30,1-56,Army forces conduct operations primarily based on all-source intelligence assessments and products developed by the intelligence staff.,,,,Automatically extracted first sentence of a numbered paragraph. Verify text/page and annotate independently; surface tags are not gold labels.,draft,,
fm2-0-2023-p30-1-57,30,1-57,"The fundamentals of all-source analysis comprise intelligence analysis techniques and the all-source analytical tasks: perform situation development, conduct pre-mission analysis of the OE, perform IPOE, and provide intelligence support to targeting.",,,,Automatically extracted first sentence of a numbered paragraph. Verify text/page and annotate independently; surface tags are not gold labels.,draft,,
fm2-0-2023-p30-1-58,30,1-58,"The intelligence staff determines the significance and reliability of the incoming information by comparing it with current intelligence holdings; subsequent analysis and evaluation assist the intelligence staff in determining changes in threat capabilities, vulnerabilities, and probable COAs across the domains and dimensions of the OE.",,,,Automatically extracted first sentence of a numbered paragraph. Verify text/page and annotate independently; surface tags are not gold labels.,draft,,
fm2-0-2023-p30-1-59,30,1-59,"All-source intelligence is used to develop the intelligence products necessary to aid situational understanding, support the development of plans and orders, and answer intelligence requirements.",,,,Automatically extracted first sentence of a numbered paragraph. Verify text/page and annotate independently; surface tags are not gold labels.,draft,,
fm2-0-2023-p31-1-61,31,1-61,All-source intelligence production is continuous and occurs throughout the intelligence and operations processes.,,,,Automatically extracted first sentence of a numbered paragraph. Verify text/page and annotate independently; surface tags are not gold labels.,draft,,
fm2-0-2023-p31-1-62,31,1-62,"Single-source intelligence includes the joint intelligence disciplines, which are also the Army intelligence disciplines, and when available (it can differ by echelon) and properly planned, the complementary capabilities from warfighting functions and branches other than intelligence.",,,,Automatically extracted first sentence of a numbered paragraph. Verify text/page and annotate independently; surface tags are not gold labels.,draft,,
fm2-0-2023-p32-1-64,32,1-64,"Most intelligence collection, which is part of intelligence operations, occurs within the context of the intelligence disciplines.",,,,Automatically extracted first sentence of a numbered paragraph. Verify text/page and annotate independently; surface tags are not gold labels.,draft,,
fm2-0-2023-p32-1-65,32,1-65,"Collection from the various intelligence disciplines is integrated during collection management to ensure a multidiscipline approach, which supports effective intelligence analysis, and, ultimately, all-source intelligence.",,,,Automatically extracted first sentence of a numbered paragraph. Verify text/page and annotate independently; surface tags are not gold labels.,draft,,
fm2-0-2023-p32-1-66,32,1-66,"CI focuses on the detection, identification, analysis, neutralization, or exploitation of foreign intelligence entities, foreign terrorist organizations, and insider threats to protect Army and designated DOD forces, information, and technologies worldwide.",,,,Automatically extracted first sentence of a numbered paragraph. Verify text/page and annotate independently; surface tags are not gold labels.,draft,,
fm2-0-2023-p33-1-67,33,1-67,CI capabilities consist of CI teams and assigned biometric collection equipment.,,,,Automatically extracted first sentence of a numbered paragraph. Verify text/page and annotate independently; surface tags are not gold labels.,draft,,
fm2-0-2023-p33-1-68,33,1-68,ATP 2-22.2-1 and ATP 2-22.2-2 provide detailed discussions about CI.,,,,Automatically extracted first sentence of a numbered paragraph. Verify text/page and annotate independently; surface tags are not gold labels.,draft,,
fm2-0-2023-p33-1-70,33,1-70,GEOINT capabilities consist of manned and unmanned platforms and aerial and space-based collection platforms.,,,,Automatically extracted first sentence of a numbered paragraph. Verify text/page and annotate independently; surface tags are not gold labels.,draft,,
fm2-0-2023-p34-1-71,34,1-71,ATP 2-22.7 provides detailed discussions about GEOINT.,,,,Automatically extracted first sentence of a numbered paragraph. Verify text/page and annotate independently; surface tags are not gold labels.,draft,,
fm2-0-2023-p34-1-73,34,1-73,"HUMINT capabilities consist of HUMINT collection teams, HUMINT operations cells, and assigned biometric collection equipment.",,,,Automatically extracted first sentence of a numbered paragraph. Verify text/page and annotate independently; surface tags are not gold labels.,draft,,
fm2-0-2023-p34-1-74,34,1-74,ATP 2-22.31 and FM 2-22.3 provide detailed discussions about HUMINT.,,,,Automatically extracted first sentence of a numbered paragraph. Verify text/page and annotate independently; surface tags are not gold labels.,draft,,
fm2-0-2023-p34-1-75,34,1-75,"Measurement and signature intelligence is information produced by quantitative and qualitative analysis of physical attributes of targets and events to detect, characterize, locate, and identify targets and events; and derived from specialized, technically derived measurements and signatures of physical phenomenon intrinsic to an object or event (JP 2-0).",,,,Automatically extracted first sentence of a numbered paragraph. Verify text/page and annotate independently; surface tags are not gold labels.,draft,,
fm2-0-2023-p34-1-77,34,1-77,"MASINT capabilities consist of unattended ground sensors, infrasonic monitors, and chemical, biological, radiological, and nuclear (CBRN) detectors.",,,,Automatically extracted first sentence of a numbered paragraph. Verify text/page and annotate independently; surface tags are not gold labels.,draft,,
fm2-0-2023-p34-1-78,34,1-78,ATP 2-22.8 provides detailed discussions about MASINT.,,,,Automatically extracted first sentence of a numbered paragraph. Verify text/page and annotate independently; surface tags are not gold labels.,draft,,
fm2-0-2023-p35-1-79,35,1-79,"Open-source intelligence is intelligence that is produced from publicly available information and is collected, exploited, and disseminated in a timely manner to an appropriate audience for the purpose of addressing a specific intelligence requirement (Public Law 109-163).",,,,Automatically extracted first sentence of a numbered paragraph. Verify text/page and annotate independently; surface tags are not gold labels.,draft,,
fm2-0-2023-p35-1-80,35,1-80,Successful OSINT operations rely heavily on the commander’s understanding and guidance about the application of OSINT.,,,,Automatically extracted first sentence of a numbered paragraph. Verify text/page and annotate independently; surface tags are not gold labels.,draft,,
fm2-0-2023-p35-1-82,35,1-82,Units may obtain OSINT capabilities through the Army OSINT Office.,,,,Automatically extracted first sentence of a numbered paragraph. Verify text/page and annotate independently; surface tags are not gold labels.,draft,,
fm2-0-2023-p35-1-83,35,1-83,ATP 2-22.9 and ATP 2-22.9-2 provide detailed discussions about OSINT.,,,,Automatically extracted first sentence of a numbered paragraph. Verify text/page and annotate independently; surface tags are not gold labels.,draft,,
fm2-0-2023-p36-1-86,36,1-86,"SIGINT capabilities consist of terrestrial collection systems; airborne intelligence, surveillance, and reconnaissance (ISR) systems; and theater army collection and survey systems.",,,,Automatically extracted first sentence of a numbered paragraph. Verify text/page and annotate independently; surface tags are not gold labels.,draft,,
fm2-0-2023-p36-1-87,36,1-87,ATP 2-22.6 and ATP 2-22.6-2 provide detailed discussions about SIGINT.,,,,Automatically extracted first sentence of a numbered paragraph. Verify text/page and annotate independently; surface tags are not gold labels.,draft,,
fm2-0-2023-p36-1-88,36,1-88,"Technical intelligence is intelligence derived from the collection, processing, analysis, and exploitation of data and information pertaining to foreign equipment and materiel for the purposes of preventing technological surprise, assessing foreign scientific and technical capabilities, and developing countermeasures designed to neutralize an enemy’s technological advantages (JP 2-0).",,,,Automatically extracted first sentence of a numbered paragraph. Verify text/page and annotate independently; surface tags are not gold labels.,draft,,
fm2-0-2023-p36-1-90,36,1-90,"TECHINT is an intelligence reach capability that includes S&TI, research and development, foreign weapons exploitation, and foreign materiel exploitation.",,,,Automatically extracted first sentence of a numbered paragraph. Verify text/page and annotate independently; surface tags are not gold labels.,draft,,
fm2-0-2023-p36-1-91,36,1-91,ATP 2-22.4 provides detailed discussion about TECHINT.,,,,Automatically extracted first sentence of a numbered paragraph. Verify text/page and annotate independently; surface tags are not gold labels.,draft,,
fm2-0-2023-p37-1-92,37,1-92,"JP 2-0 recognizes the following intelligence applications: identity intelligence (I2), biometrics, forensics, and DOMEX.",,,,Automatically extracted first sentence of a numbered paragraph. Verify text/page and annotate independently; surface tags are not gold labels.,draft,,
fm2-0-2023-p37-1-93,37,1-93,"Biometrics is the process of recognizing an individual based on measurable anatomical, physiological, and behavioral characteristics (JP 2-0).",,,,Automatically extracted first sentence of a numbered paragraph. Verify text/page and annotate independently; surface tags are not gold labels.,draft,,
fm2-0-2023-p37-1-94,37,1-94,"The collecting, processing, matching, and intelligence analysis of biometric data support the positive identification and characterization of individuals who may pose a threat to U.S. national security.",,,,Automatically extracted first sentence of a numbered paragraph. Verify text/page and annotate independently; surface tags are not gold labels.,draft,,
fm2-0-2023-p37-1-95,37,1-95,Incorporating biometric information into all-source intelligence analysis is a highly successful technique for enabling U.S. forces to strip away the anonymity of threat fighters.,,,,Automatically extracted first sentence of a numbered paragraph. Verify text/page and annotate independently; surface tags are not gold labels.,draft,,
fm2-0-2023-p37-1-96,37,1-96,"A cyberspace capability is a device or computer program, including any combination of software, firmware, or hardware, designed to create an effect in or through cyberspace (JP 3-12).",,,,Automatically extracted first sentence of a numbered paragraph. Verify text/page and annotate independently; surface tags are not gold labels.,draft,,
fm2-0-2023-p37-1-97,37,1-97,"Due to its very nature, intelligence operations in the cyberspace domain require significant lead time to accomplish.",,,,Automatically extracted first sentence of a numbered paragraph. Verify text/page and annotate independently; surface tags are not gold labels.,draft,,
fm2-0-2023-p38-1-98,38,1-98,"Document and media exploitation is the processing, translation, analysis, and dissemination of collected hardcopy documents and electronic media that are under the U.S. Government’s physical control and are not publicly available.",,,,Automatically extracted first sentence of a numbered paragraph. Verify text/page and annotate independently; surface tags are not gold labels.,draft,,
fm2-0-2023-p38-1-99,38,1-99,"DOMEX is an increasingly specialized, full-time mission requiring advanced automation and communications support, analytical support, and qualified linguists.",,,,Automatically extracted first sentence of a numbered paragraph. Verify text/page and annotate independently; surface tags are not gold labels.,draft,,
fm2-0-2023-p38-1-100,38,1-100,Electromagnetic warfare is military action involving the use of electromagnetic and directed energy to control the electromagnetic spectrum or to attack the enemy (JP 3-85).,,,,Automatically extracted first sentence of a numbered paragraph. Verify text/page and annotate independently; surface tags are not gold labels.,draft,,
fm2-0-2023-p38-1-102,38,1-102,"Electromagnetic support is division of electromagnetic warfare involving actions tasked by, or under direct control of, an operational commander to search for, intercept, identify, and locate or localize sources of intentional and unintentional radiated electromagnetic energy for the purpose of immediate threat recognition, targeting, planning, and conduct of future operations (JP 3-85).",,,,Automatically extracted first sentence of a numbered paragraph. Verify text/page and annotate independently; surface tags are not gold labels.,draft,,
fm2-0-2023-p38-1-103,38,1-103,"Electromagnetic protection is division of electromagnetic warfare involving actions taken to protect personnel, facilities, and equipment from any effects of friendly or enemy use of the electromagnetic spectrum that degrade, neutralize, or destroy friendly combat capability (JP 3-85).",,,,Automatically extracted first sentence of a numbered paragraph. Verify text/page and annotate independently; surface tags are not gold labels.,draft,,
fm2-0-2023-p39-1-104,39,1-104,Forensic science is the application of multidisciplinary scientific processes to establish facts (DODD 5205.15E).,,,,Automatically extracted first sentence of a numbered paragraph. Verify text/page and annotate independently; surface tags are not gold labels.,draft,,
fm2-0-2023-p39-1-105,39,1-105,"Forensics can assist in identifying an adversary’s key personnel, tactics, intent, and capabilities (current and future).",,,,Automatically extracted first sentence of a numbered paragraph. Verify text/page and annotate independently; surface tags are not gold labels.,draft,,
fm2-0-2023-p39-1-106,39,1-106,"Forensic-enabled intelligence is the intelligence resulting from the integration of scientifically examined materials and other information to establish full characterization, attribution, and the linkage of events, locations, items, signatures, nefarious intent, and persons of interest (JP 2-0).",,,,Automatically extracted first sentence of a numbered paragraph. Verify text/page and annotate independently; surface tags are not gold labels.,draft,,
fm2-0-2023-p39-1-108,39,1-108,"I2, as defined in paragraph 1-7, is used to disrupt competitors, support joint operations, counter threats, deny anonymity to the Nation’s adversaries, and protect the Nation’s assets, facilities, and forces.",,,,Automatically extracted first sentence of a numbered paragraph. Verify text/page and annotate independently; surface tags are not gold labels.,draft,,
fm2-0-2023-p40-1-109,40,1-109,I2 is currently produced at echelons corps and above from the fusion of all-source and multidisciplined reporting.,,,,Automatically extracted first sentence of a numbered paragraph. Verify text/page and annotate independently; surface tags are not gold labels.,draft,,
fm2-0-2023-p41-1-111,41,1-111,"FM 3-14 discusses Army space operations and Army space forces, capabilities, and formations, as well as their contributions to multidomain operations.",,,,Automatically extracted first sentence of a numbered paragraph. Verify text/page and annotate independently; surface tags are not gold labels.,draft,,
fm2-0-2023-p41-1-112,41,1-112,"Intelligence PED capabilities are the personnel, specialized intelligence and communications systems, software and advanced technologies that execute the PED continuing activity.",,,,Automatically extracted first sentence of a numbered paragraph. Verify text/page and annotate independently; surface tags are not gold labels.,draft,,
fm2-0-2023-p41-1-113,41,1-113,The intelligence staff advises the rest of the staff on intelligence PED requirements when planning information collection operations.,,,,Automatically extracted first sentence of a numbered paragraph. Verify text/page and annotate independently; surface tags are not gold labels.,draft,,
fm2-0-2023-p41-1-114,41,1-114,"When requesting intelligence PED, the gaining G-2/S-2, intelligence unit commander, and the allocating unit commander are responsible for coordinating and planning intelligence PED activities.",,,,Automatically extracted first sentence of a numbered paragraph. Verify text/page and annotate independently; surface tags are not gold labels.,draft,,
fm2-0-2023-p42-1-115,42,1-115,"The intelligence architecture is the compilation of all relevant intelligence and communications capabilities, data repositories, organizations, supporting capabilities, and personnel necessary to ensure the successful execution of the intelligence process.",,,,Automatically extracted first sentence of a numbered paragraph. Verify text/page and annotate independently; surface tags are not gold labels.,draft,,
fm2-0-2023-p42-1-117,42,1-117,"Establishing and maintaining the intelligence architecture requires well-trained, highly proficient intelligence professionals due to the highly technical nature of portions of the architecture.",,,,Automatically extracted first sentence of a numbered paragraph. Verify text/page and annotate independently; surface tags are not gold labels.,draft,,
fm2-0-2023-p43-1-118,43,1-118,The complexity of the intelligence architecture can be exemplified through a portion of the architecture referred to as foundation layer.,,,,Automatically extracted first sentence of a numbered paragraph. Verify text/page and annotate independently; surface tags are not gold labels.,draft,,
fm2-0-2023-p43-1-119,43,1-119,For more discussion on the intelligence architecture see chapter 5 and appendix B.,,,,Automatically extracted first sentence of a numbered paragraph. Verify text/page and annotate independently; surface tags are not gold labels.,draft,,
fm2-0-2023-p43-1-120,43,1-120,Providing effective and flexible intelligence support against a determined and adaptive threat— whether a peer threat or terrorist cell—is a significant challenge referred to as fighting for intelligence.,,,,Automatically extracted first sentence of a numbered paragraph. Verify text/page and annotate independently; surface tags are not gold labels.,draft,,
fm2-0-2023-p43-1-121,43,1-121,The challenge to provide effective and flexible intelligence support constantly changes.,,,,Automatically extracted first sentence of a numbered paragraph. Verify text/page and annotate independently; surface tags are not gold labels.,draft,,
fm2-0-2023-p44-1-123,44,1-123,"Fighting for intelligence is most challenging during large-scale combat operations as the threat can apply operational reach, contest friendly deployments, leverage highly lethal and effective nonlethal capabilities across multiple domains, and influence friendly forces across multiple dimensions.",,,,Automatically extracted first sentence of a numbered paragraph. Verify text/page and annotate independently; surface tags are not gold labels.,draft,,
fm2-0-2023-p44-1-125,44,1-125,"During the fight for intelligence, conducting information collection requires thorough and creative planning, aggressive execution, and adjustments based on the situation.",,,,Automatically extracted first sentence of a numbered paragraph. Verify text/page and annotate independently; surface tags are not gold labels.,draft,,
